# Previous website post URL format (https://github.com/TomerAberbach/tomeraberbach.github.io)
/html/post/:splat*(\.html)?   /:splat*

# Post renames
/what-ive-worked-on-at-google /what-i-worked-on-at-google

# Profiles
/github/:splat*               https://github.com/TomerAberbach/:splat*
/npm/:splat*                  https://www.npmjs.com/~tomeraberbach/:splat*
/twitter/:splat*              https://twitter.com/TomerAberbach/:splat*
/edin/:splat*                 https://www.linkedin.com/in/tomer-a/:splat*

# Convenience redirects
/resume                       /resume.pdf
/s                            https://github.com/TomerAberbach/website/blob/main/private/redirects.txt

# GitHub Pages redirects
/mano-simulator               https://tomeraberbach.github.io/mano-simulator
/spotify-true-random          https://spotify-true-random.tomeraberba.ch

# Other Tomers
/burg/:splat*                 http://arctic.som.ou.edu/tburg/:splat*
/weather/:splat*              http://arctic.som.ou.edu/tburg/:splat*
/wx/:splat*                   http://polarwx.com/:splat*
/singal/:splat*               https://singalt16.github.io/:splat*
